,EST. BASE SALARY,EST. BASE SALARY,EST. BASE SALARY,BIO,BIO,BIO,
PLAYER,"GROSS P/W
(EUR)","GROSS P/Y
(EUR)","ADJ. GROSS
(EUR)",POS.,AGE,COUNTRY,CLUB
Kevin De Bruyne,"€ 452,950","€ 23,553,419","€ 23,553,419",F,32,Belgium,Manchester City
Erling Haaland,"€ 424,641","€ 22,081,330","€ 22,081,330",F,23,Norway,Manchester City
Casemiro,"€ 396,332","€ 20,609,241","€ 20,609,241",M,31,Brazil,Manchester United
Mohamed Salah,"€ 396,332","€ 20,609,241","€ 20,609,241",F,31,Egypt,Liverpool
Raphaël Varane,"€ 385,008","€ 20,020,406","€ 20,020,406",D,30,France,Manchester United
Raheem Sterling,"€ 368,022","€ 19,137,153","€ 19,137,153",F,29,England,Chelsea
Marcus Rashford,"€ 339,713","€ 17,665,064","€ 17,665,064",F,26,England,Manchester United
Jack Grealish,"€ 339,713","€ 17,665,064","€ 17,665,064",F,28,England,Manchester City
Bernardo Silva,"€ 339,713","€ 17,665,064","€ 17,665,064",F,29,Portugal,Manchester City
Kai Havertz,"€ 317,065","€ 16,487,393","€ 16,487,393",F,24,Germany,Arsenal
Gabriel Jesus,"€ 300,080","€ 15,604,140","€ 15,604,140",F,26,Brazil,Arsenal
Anthony Martial,"€ 283,094","€ 14,720,887","€ 14,720,887",F,28,France,Manchester United
Reece James,"€ 283,094","€ 14,720,887","€ 14,720,887",D,24,England,Chelsea
John Stones,"€ 283,094","€ 14,720,887","€ 14,720,887",D,29,England,Manchester City
Declan Rice,"€ 271,770","€ 14,132,051","€ 14,132,051",M,25,England,Arsenal
Martin Ødegaard,"€ 271,770","€ 14,132,051","€ 14,132,051",F,25,Norway,Arsenal
Bruno Fernandes,"€ 271,770","€ 14,132,051","€ 14,132,051",F,29,Portugal,Manchester United
Phil Foden,"€ 254,785","€ 13,248,798","€ 13,248,798",F,23,England,Manchester City
Rodri,"€ 249,123","€ 12,954,380","€ 12,954,380",M,27,Spain,Manchester City
Virgil van Dijk,"€ 249,123","€ 12,954,380","€ 12,954,380",D,32,Netherlands,Liverpool
Mason Mount,"€ 226,475","€ 11,776,709","€ 11,776,709",F,25,England,Manchester United
Josko Gvardiol,"€ 226,475","€ 11,776,709","€ 11,776,709",D,22,Croatia,Manchester City
Thiago,"€ 226,475","€ 11,776,709","€ 11,776,709",M,32,Spain,Liverpool
Ben Chilwell,"€ 226,475","€ 11,776,709","€ 11,776,709",D,27,England,Chelsea
Wesley Fofana,"€ 226,475","€ 11,776,709","€ 11,776,709",D,23,France,Chelsea
Thomas Partey,"€ 226,475","€ 11,776,709","€ 11,776,709",M,30,Ghana,Arsenal
Jadon Sancho,"€ 220,813","€ 11,482,292","€ 11,482,292",F,23,England,Manchester United
Bukayo Saka,"€ 220,813","€ 11,482,292","€ 11,482,292",F,22,England,Arsenal
Christopher Nkunku,"€ 220,813","€ 11,482,292","€ 11,482,292",F,26,France,Chelsea
William Saliba,"€ 215,151","€ 11,187,874","€ 11,187,874",D,22,France,Arsenal
Heung-min Son,"€ 215,151","€ 11,187,874","€ 11,187,874",F,31,South Korea,Tottenham
Harry Maguire,"€ 215,151","€ 11,187,874","€ 11,187,874",D,30,England,Manchester United
Enzo Fernández,"€ 203,828","€ 10,599,038","€ 10,599,038",M,23,Argentina,Chelsea
Rúben Dias,"€ 203,828","€ 10,599,038","€ 10,599,038",D,26,Portugal,Manchester City
Gabriel Martinelli,"€ 203,828","€ 10,599,038","€ 10,599,038",F,22,Brazil,Arsenal
Ivan Perisic,"€ 203,828","€ 10,599,038","€ 10,599,038",M,34,Croatia,Tottenham
Trent Alexander-Arnold,"€ 203,828","€ 10,599,038","€ 10,599,038",D,25,England,Liverpool
Manuel Akanji,"€ 203,828","€ 10,599,038","€ 10,599,038",D,28,Switzerland,Manchester City
Kyle Walker,"€ 198,166","€ 10,304,621","€ 10,304,621",D,33,England,Manchester City
Marc Cucurella,"€ 198,166","€ 10,304,621","€ 10,304,621",D,25,Spain,Chelsea
James Maddison,"€ 192,504","€ 10,010,203","€ 10,010,203",F,27,England,Tottenham
Cristian Romero,"€ 186,842","€ 9,715,785","€ 9,715,785",D,25,Argentina,Tottenham
Timo Werner,"€ 186,842","€ 9,715,785","€ 9,715,785",F,27,Germany,Tottenham
Ansu Fati,"€ 181,180","€ 9,421,367","€ 9,421,367",F,21,Spain,Brighton
Bruno Guimarães,"€ 181,180","€ 9,421,367","€ 9,421,367",M,26,Brazil,Newcastle
Andrew Robertson,"€ 181,180","€ 9,421,367","€ 9,421,367",D,29,Scotland,Liverpool
Nathan Aké,"€ 181,180","€ 9,421,367","€ 9,421,367",D,28,Netherlands,Manchester City
Alisson,"€ 169,856","€ 8,832,532","€ 8,832,532",K,31,Brazil,Liverpool
Ben White,"€ 169,856","€ 8,832,532","€ 8,832,532",D,26,England,Arsenal
Christian Eriksen,"€ 169,856","€ 8,832,532","€ 8,832,532",M,31,Denmark,Manchester United
Moisés Caicedo,"€ 169,856","€ 8,832,532","€ 8,832,532",M,22,Ecuador,Chelsea
Alexis Mac Allister,"€ 169,856","€ 8,832,532","€ 8,832,532",M,25,Argentina,Liverpool
Ryan Gravenberch,"€ 169,856","€ 8,832,532","€ 8,832,532",M,21,Netherlands,Liverpool
Lucas Paquetá,"€ 169,856","€ 8,832,532","€ 8,832,532",F,26,Brazil,West Ham
Mateo Kovacic,"€ 169,856","€ 8,832,532","€ 8,832,532",M,29,Croatia,Manchester City
Kalvin Phillips,"€ 169,856","€ 8,832,532","€ 8,832,532",M,28,England,West Ham
Jarrod Bowen,"€ 169,856","€ 8,832,532","€ 8,832,532",F,27,England,West Ham
Luke Shaw,"€ 169,856","€ 8,832,532","€ 8,832,532",D,28,England,Manchester United
Joelinton,"€ 169,856","€ 8,832,532","€ 8,832,532",M,27,Brazil,Newcastle
Oleksandr Zinchenko,"€ 169,856","€ 8,832,532","€ 8,832,532",D,27,Ukraine,Arsenal
Youri Tielemans,"€ 169,856","€ 8,832,532","€ 8,832,532",M,26,Belgium,Aston Villa
Clément Lenglet,"€ 169,856","€ 8,832,532","€ 8,832,532",D,28,France,Aston Villa
Darwin Núñez,"€ 158,533","€ 8,243,697","€ 8,243,697",F,24,Uruguay,Liverpool
Diogo Jota,"€ 158,533","€ 8,243,697","€ 8,243,697",F,27,Portugal,Liverpool
Moussa Diaby,"€ 147,209","€ 7,654,861","€ 7,654,861",F,24,France,Aston Villa
Ollie Watkins,"€ 147,209","€ 7,654,861","€ 7,654,861",F,28,England,Aston Villa
Bernd Leno,"€ 147,209","€ 7,654,861","€ 7,654,861",K,31,Germany,Fulham
Matheus Nunes,"€ 147,209","€ 7,654,861","€ 7,654,861",M,25,Portugal,Manchester City
Abdoulaye Doucouré,"€ 147,209","€ 7,654,861","€ 7,654,861",M,31,Mali,Everton
Kurt Zouma,"€ 141,547","€ 7,360,443","€ 7,360,443",D,29,France,West Ham
Jordan Pickford,"€ 141,547","€ 7,360,443","€ 7,360,443",K,29,England,Everton
Danny Ings,"€ 141,547","€ 7,360,443","€ 7,360,443",F,31,England,West Ham
Lucas Digne,"€ 135,885","€ 7,066,026","€ 7,066,026",D,30,France,Aston Villa
Leon Bailey,"€ 135,885","€ 7,066,026","€ 7,066,026",F,26,Jamaica,Aston Villa
John McGinn,"€ 135,885","€ 7,066,026","€ 7,066,026",M,29,Scotland,Aston Villa
Emiliano Martínez,"€ 135,885","€ 7,066,026","€ 7,066,026",K,31,Argentina,Aston Villa
Dominik Szoboszlai,"€ 135,885","€ 7,066,026","€ 7,066,026",M,23,Hungary,Liverpool
Boubacar Kamara,"€ 135,885","€ 7,066,026","€ 7,066,026",M,24,France,Aston Villa
Malang Sarr,"€ 135,885","€ 7,066,026","€ 7,066,026",D,25,France,Chelsea
Alphonse Areola,"€ 135,885","€ 7,066,026","€ 7,066,026",K,30,France,West Ham
Idrissa Gueye,"€ 135,885","€ 7,066,026","€ 7,066,026",M,34,Senegal,Everton
Aaron Ramsdale,"€ 135,885","€ 7,066,026","€ 7,066,026",K,25,England,Arsenal
André Onana,"€ 135,885","€ 7,066,026","€ 7,066,026",K,27,Cameroon,Manchester United
Cody Gakpo,"€ 135,885","€ 7,066,026","€ 7,066,026",F,24,Netherlands,Liverpool
Divock Origi,"€ 135,885","€ 7,066,026","€ 7,066,026",F,28,Belgium,Nottingham Forest
Kieran Trippier,"€ 135,885","€ 7,066,026","€ 7,066,026",D,33,England,Newcastle
Lisandro Martínez,"€ 135,885","€ 7,066,026","€ 7,066,026",D,26,Argentina,Manchester United
Alexander Isak,"€ 135,885","€ 7,066,026","€ 7,066,026",F,24,Sweden,Newcastle
Victor Lindelöf,"€ 135,885","€ 7,066,026","€ 7,066,026",D,29,Sweden,Manchester United
James Ward-Prowse,"€ 130,223","€ 6,771,608","€ 6,771,608",M,29,England,West Ham
André Gomes,"€ 127,175","€ 6,613,075","€ 6,613,075",M,30,Portugal,Everton
Dejan Kulusevski,"€ 124,561","€ 6,477,190","€ 6,477,190",F,23,Sweden,Tottenham
Thiago Silva,"€ 124,561","€ 6,477,190","€ 6,477,190",D,39,Brazil,Chelsea
Jorginho,"€ 124,561","€ 6,477,190","€ 6,477,190",M,32,Italy,Arsenal
Antony,"€ 118,899","€ 6,182,772","€ 6,182,772",F,23,Brazil,Manchester United
Michael Olise,"€ 113,238","€ 5,888,355","€ 5,888,355",F,22,France,Crystal Palace
Amadou Onana,"€ 113,238","€ 5,888,355","€ 5,888,355",M,22,Belgium,Everton
James Tarkowski,"€ 113,238","€ 5,888,355","€ 5,888,355",D,31,England,Everton
Dele Alli,"€ 113,238","€ 5,888,355","€ 5,888,355",F,27,England,Everton
Dominic Calvert-Lewin,"€ 113,238","€ 5,888,355","€ 5,888,355",F,26,England,Everton
Reiss Nelson,"€ 113,238","€ 5,888,355","€ 5,888,355",F,24,England,Arsenal
Takehiro Tomiyasu,"€ 113,238","€ 5,888,355","€ 5,888,355",D,25,Japan,Arsenal
Diego Carlos,"€ 113,238","€ 5,888,355","€ 5,888,355",D,30,Brazil,Aston Villa
Pau Torres,"€ 113,238","€ 5,888,355","€ 5,888,355",D,27,Spain,Aston Villa
Tyrone Mings,"€ 113,238","€ 5,888,355","€ 5,888,355",D,30,England,Aston Villa
Edson Álvarez,"€ 113,238","€ 5,888,355","€ 5,888,355",M,26,Mexico,West Ham
Pierre-Emile Højbjerg,"€ 113,238","€ 5,888,355","€ 5,888,355",M,28,Denmark,Tottenham
Hugo Lloris,"€ 113,238","€ 5,888,355","€ 5,888,355",K,36,France,Tottenham
Eddie Nketiah,"€ 113,238","€ 5,888,355","€ 5,888,355",F,24,England,Arsenal
Matt Targett,"€ 113,238","€ 5,888,355","€ 5,888,355",D,28,England,Newcastle
Gabriel Magalhães,"€ 113,238","€ 5,888,355","€ 5,888,355",D,26,Brazil,Arsenal
Julián Álvarez,"€ 113,238","€ 5,888,355","€ 5,888,355",F,24,Argentina,Manchester City
Ederson,"€ 113,238","€ 5,888,355","€ 5,888,355",K,30,Brazil,Manchester City
Carney Chukwuemeka,"€ 113,238","€ 5,888,355","€ 5,888,355",M,20,England,Chelsea
Joel Matip,"€ 113,238","€ 5,888,355","€ 5,888,355",D,32,Cameroon,Liverpool
Levi Colwill,"€ 113,238","€ 5,888,355","€ 5,888,355",D,20,England,Chelsea
Mykhailo Mudryk,"€ 113,238","€ 5,888,355","€ 5,888,355",F,23,Ukraine,Chelsea
Dean Henderson,"€ 113,238","€ 5,888,355","€ 5,888,355",K,26,England,Crystal Palace
Eberechi Eze,"€ 113,238","€ 5,888,355","€ 5,888,355",F,25,England,Crystal Palace
Raúl Jiménez,"€ 113,238","€ 5,888,355","€ 5,888,355",F,32,Mexico,Fulham
Emerson,"€ 107,576","€ 5,593,937","€ 5,593,937",D,29,Italy,West Ham
Sven Botman,"€ 101,914","€ 5,299,519","€ 5,299,519",D,24,Netherlands,Newcastle
Odsonne Edouard,"€ 101,914","€ 5,299,519","€ 5,299,519",F,26,France,Crystal Palace
Stefan Ortega Moreno,"€ 101,914","€ 5,299,519","€ 5,299,519",K,31,Germany,Manchester City
Willian,"€ 101,914","€ 5,299,519","€ 5,299,519",F,35,Brazil,Fulham
Aaron Wan-Bissaka,"€ 101,914","€ 5,299,519","€ 5,299,519",D,26,England,Manchester United
Richarlison,"€ 101,914","€ 5,299,519","€ 5,299,519",F,26,Brazil,Tottenham
Tomas Soucek,"€ 101,914","€ 5,299,519","€ 5,299,519",M,28,Czech Republic,West Ham
Donny van de Beek,"€ 101,914","€ 5,299,519","€ 5,299,519",M,26,Netherlands,Manchester United
Benoît Badiashile,"€ 101,914","€ 5,299,519","€ 5,299,519",D,22,France,Chelsea
Jack Harrison,"€ 101,914","€ 5,299,519","€ 5,299,519",F,27,England,Everton
Leandro Trossard,"€ 101,914","€ 5,299,519","€ 5,299,519",F,29,Belgium,Arsenal
Pablo Sarabia,"€ 101,914","€ 5,299,519","€ 5,299,519",F,31,Spain,Wolverhampton
Adam Lallana,"€ 101,914","€ 5,299,519","€ 5,299,519",F,35,England,Brighton
Jurrien Timber,"€ 101,914","€ 5,299,519","€ 5,299,519",D,22,Netherlands,Arsenal
Mohammed Kudus,"€ 101,914","€ 5,299,519","€ 5,299,519",F,23,Ghana,West Ham
David Raya,"€ 96,252","€ 5,005,101","€ 5,005,101",K,28,Spain,Arsenal
Michail Antonio,"€ 96,252","€ 5,005,101","€ 5,005,101",F,33,Jamaica,West Ham
Eric Dier,"€ 96,252","€ 5,005,101","€ 5,005,101",D,29,England,Tottenham
Rasmus Højlund,"€ 96,252","€ 5,005,101","€ 5,005,101",F,20,Denmark,Manchester United
Joe Gomez,"€ 96,252","€ 5,005,101","€ 5,005,101",D,26,England,Liverpool
Diogo Dalot,"€ 96,252","€ 5,005,101","€ 5,005,101",D,24,Portugal,Manchester United
Pedro Porro,"€ 96,252","€ 5,005,101","€ 5,005,101",D,24,Spain,Tottenham
Radu Drăgușin,"€ 96,252","€ 5,005,101","€ 5,005,101",D,21,Romania,Tottenham
Michael Keane,"€ 90,590","€ 4,710,684","€ 4,710,684",D,31,England,Everton
Morgan Gibbs-White,"€ 90,590","€ 4,710,684","€ 4,710,684",F,24,England,Nottingham Forest
Nélson Semedo,"€ 90,590","€ 4,710,684","€ 4,710,684",D,30,Portugal,Wolverhampton
João Palhinha,"€ 90,590","€ 4,710,684","€ 4,710,684",M,28,Portugal,Fulham
Chris Wood,"€ 90,590","€ 4,710,684","€ 4,710,684",F,32,New Zealand,Nottingham Forest
Ben Davies,"€ 90,590","€ 4,710,684","€ 4,710,684",D,30,Wales,Tottenham
Harvey Barnes,"€ 90,590","€ 4,710,684","€ 4,710,684",F,26,England,Newcastle
Cole Palmer,"€ 90,590","€ 4,710,684","€ 4,710,684",F,21,England,Chelsea
Fábio Silva,"€ 90,590","€ 4,710,684","€ 4,710,684",F,21,Portugal,Wolverhampton
Joachim Andersen,"€ 90,590","€ 4,710,684","€ 4,710,684",D,27,Denmark,Crystal Palace
Brennan Johnson,"€ 90,590","€ 4,710,684","€ 4,710,684",F,22,Wales,Tottenham
Axel Disasi,"€ 90,590","€ 4,710,684","€ 4,710,684",D,25,France,Chelsea
Matty Cash,"€ 90,590","€ 4,710,684","€ 4,710,684",D,26,Poland,Aston Villa
Felipe,"€ 90,590","€ 4,710,684","€ 4,710,684",D,34,Brazil,Nottingham Forest
Thilo Kehrer,"€ 90,590","€ 4,710,684","€ 4,710,684",D,26,Germany,West Ham
Toti Gomes,"€ 90,590","€ 4,710,684","€ 4,710,684",D,25,Portugal,Wolverhampton
Callum Hudson-Odoi,"€ 90,590","€ 4,710,684","€ 4,710,684",F,23,England,Nottingham Forest
Justin Kluivert,"€ 90,590","€ 4,710,684","€ 4,710,684",F,24,Netherlands,Bournemouth
Kaoru Mitoma,"€ 90,590","€ 4,710,684","€ 4,710,684",F,26,Japan,Brighton
Lewis Dunk,"€ 90,590","€ 4,710,684","€ 4,710,684",D,32,England,Brighton
Alex Iwobi,"€ 90,590","€ 4,710,684","€ 4,710,684",F,27,Nigeria,Fulham
Joe Willock,"€ 90,590","€ 4,710,684","€ 4,710,684",M,24,England,Newcastle
Bertrand Traoré,"€ 88,195","€ 4,586,122","€ 4,586,122",F,27,Burkina Faso,Aston Villa
Ben Godfrey,"€ 84,928","€ 4,416,266","€ 4,416,266",D,26,England,Everton
Destiny Udogie,"€ 84,928","€ 4,416,266","€ 4,416,266",D,21,Italy,Tottenham
Fraser Forster,"€ 84,928","€ 4,416,266","€ 4,416,266",K,35,England,Tottenham
Tyrell Malacia,"€ 84,928","€ 4,416,266","€ 4,416,266",D,24,Netherlands,Manchester United
Guglielmo Vicario,"€ 84,928","€ 4,416,266","€ 4,416,266",K,27,Italy,Tottenham
Rodrigo Bentancur,"€ 84,928","€ 4,416,266","€ 4,416,266",M,26,Uruguay,Tottenham
Cédric Soares,"€ 84,928","€ 4,416,266","€ 4,416,266",D,32,Portugal,Arsenal
Konstantinos Tsimikas,"€ 84,928","€ 4,416,266","€ 4,416,266",D,27,Greece,Liverpool
Ezri Konsa,"€ 84,928","€ 4,416,266","€ 4,416,266",D,26,England,Aston Villa
Emiliano Buendía,"€ 84,928","€ 4,416,266","€ 4,416,266",F,27,Argentina,Aston Villa
Douglas Luiz,"€ 84,928","€ 4,416,266","€ 4,416,266",M,25,Brazil,Aston Villa
Jean-Ricner Bellegarde,"€ 84,928","€ 4,416,266","€ 4,416,266",M,25,France,Wolverhampton
Ibrahim Sangaré,"€ 84,928","€ 4,416,266","€ 4,416,266",M,26,Cote d'Ivoire,Nottingham Forest
Micky van de Ven,"€ 79,266","€ 4,121,848","€ 4,121,848",D,22,Netherlands,Tottenham
Jacob Ramsey,"€ 79,266","€ 4,121,848","€ 4,121,848",M,22,England,Aston Villa
Pape Sarr,"€ 79,266","€ 4,121,848","€ 4,121,848",M,21,Senegal,Tottenham
Giovani Lo Celso,"€ 79,266","€ 4,121,848","€ 4,121,848",F,27,Argentina,Tottenham
Dominic Solanke,"€ 79,266","€ 4,121,848","€ 4,121,848",F,26,England,Bournemouth
Mason Holgate,"€ 79,266","€ 4,121,848","€ 4,121,848",D,27,England,Sheffield United
Jefferson Lerma,"€ 79,266","€ 4,121,848","€ 4,121,848",M,29,Colombia,Crystal Palace
Ibrahima Konaté,"€ 79,266","€ 4,121,848","€ 4,121,848",D,24,France,Liverpool
Cheick Doucouré,"€ 79,266","€ 4,121,848","€ 4,121,848",M,24,Mali,Crystal Palace
Issa Diop,"€ 79,266","€ 4,121,848","€ 4,121,848",D,27,France,Fulham
Angelo Ogbonna,"€ 79,266","€ 4,121,848","€ 4,121,848",D,35,Italy,West Ham
Aaron Hickey,"€ 79,266","€ 4,121,848","€ 4,121,848",D,21,Scotland,Brentford
Ryan Christie,"€ 79,266","€ 4,121,848","€ 4,121,848",F,28,Scotland,Bournemouth
Hee-chan Hwang,"€ 79,266","€ 4,121,848","€ 4,121,848",F,28,South Korea,Wolverhampton
Pablo Fornals,"€ 73,604","€ 3,827,431","€ 3,827,431",F,27,Spain,West Ham
Luis Sinisterra,"€ 73,604","€ 3,827,431","€ 3,827,431",F,24,Colombia,Bournemouth
Maxwel Cornet,"€ 73,604","€ 3,827,431","€ 3,827,431",F,27,Cote d'Ivoire,West Ham
Lukasz Fabianski,"€ 73,604","€ 3,827,431","€ 3,827,431",K,38,Poland,West Ham
Jonny Evans,"€ 73,604","€ 3,827,431","€ 3,827,431",D,36,Northern Ireland,Manchester United
Pascal Groß,"€ 73,604","€ 3,827,431","€ 3,827,431",M,32,Germany,Brighton
Adama Traoré,"€ 73,604","€ 3,827,431","€ 3,827,431",F,28,Spain,Fulham
Timothy Castagne,"€ 73,604","€ 3,827,431","€ 3,827,431",D,28,Belgium,Fulham
Sofyan Amrabat,"€ 73,604","€ 3,827,431","€ 3,827,431",M,27,Morocco,Manchester United
Nicolas Jackson,"€ 73,604","€ 3,827,431","€ 3,827,431",F,22,Senegal,Chelsea
Sasa Lukic,"€ 71,340","€ 3,709,663","€ 3,709,663",M,27,Serbia,Fulham
Scott McTominay,"€ 67,943","€ 3,533,013","€ 3,533,013",M,27,Scotland,Manchester United
Matheus Cunha,"€ 67,943","€ 3,533,013","€ 3,533,013",F,24,Brazil,Wolverhampton
Miguel Almirón,"€ 67,943","€ 3,533,013","€ 3,533,013",F,29,Paraguay,Newcastle
Nick Pope,"€ 67,943","€ 3,533,013","€ 3,533,013",K,31,England,Newcastle
Manor Solomon,"€ 67,943","€ 3,533,013","€ 3,533,013",F,24,Israel,Tottenham
Danny Welbeck,"€ 67,943","€ 3,533,013","€ 3,533,013",F,33,England,Brighton
Robert Sánchez,"€ 67,943","€ 3,533,013","€ 3,533,013",K,26,Spain,Chelsea
José Sá,"€ 67,943","€ 3,533,013","€ 3,533,013",K,31,Portugal,Wolverhampton
Daniel Podence,"€ 67,943","€ 3,533,013","€ 3,533,013",F,27,Portugal,Wolverhampton
Adrián,"€ 67,943","€ 3,533,013","€ 3,533,013",K,37,Spain,Liverpool
Tyler Adams,"€ 67,943","€ 3,533,013","€ 3,533,013",M,24,United States,Bournemouth
James Milner,"€ 67,943","€ 3,533,013","€ 3,533,013",M,38,England,Brighton
Anthony Gordon,"€ 67,943","€ 3,533,013","€ 3,533,013",F,22,England,Newcastle
Nicolò Zaniolo,"€ 67,943","€ 3,533,013","€ 3,533,013",F,24,Italy,Aston Villa
Jeffrey Schlupp,"€ 67,943","€ 3,533,013","€ 3,533,013",M,31,Ghana,Crystal Palace
Jakub Kiwior,"€ 65,678","€ 3,415,246","€ 3,415,246",D,23,Poland,Arsenal
Vitaliy Mykolenko,"€ 65,678","€ 3,415,246","€ 3,415,246",D,24,Ukraine,Everton
Boubacar Traoré,"€ 62,281","€ 3,238,595","€ 3,238,595",M,22,Mali,Wolverhampton
Chris Richards,"€ 62,281","€ 3,238,595","€ 3,238,595",D,23,United States,Crystal Palace
Evan Ferguson,"€ 62,281","€ 3,238,595","€ 3,238,595",F,19,Ireland,Brighton
Saïd Benrahma,"€ 62,281","€ 3,238,595","€ 3,238,595",F,28,Algeria,West Ham
Ryan Sessegnon,"€ 62,281","€ 3,238,595","€ 3,238,595",M,23,England,Tottenham
Mohamed Elneny,"€ 62,281","€ 3,238,595","€ 3,238,595",M,31,Egypt,Arsenal
Jairo Riedewald,"€ 62,281","€ 3,238,595","€ 3,238,595",M,27,Netherlands,Crystal Palace
Yves Bissouma,"€ 62,281","€ 3,238,595","€ 3,238,595",M,27,Mali,Tottenham
Adam Webster,"€ 62,281","€ 3,238,595","€ 3,238,595",D,29,England,Brighton
Ben Mee,"€ 62,281","€ 3,238,595","€ 3,238,595",D,34,England,Brentford
Mahmoud Dahoud,"€ 62,281","€ 3,238,595","€ 3,238,595",M,27,Germany,Brighton
Emil Krafth,"€ 62,281","€ 3,238,595","€ 3,238,595",D,29,Sweden,Newcastle
Seamus Coleman,"€ 62,281","€ 3,238,595","€ 3,238,595",D,35,Ireland,Everton
Luis Díaz,"€ 62,281","€ 3,238,595","€ 3,238,595",F,27,Colombia,Liverpool
Dan Burn,"€ 62,281","€ 3,238,595","€ 3,238,595",D,31,England,Newcastle
Sergio Reguilón,"€ 60,016","€ 3,120,828","€ 3,120,828",D,27,Spain,Brentford
Sergio Reguilón,"€ 60,016","€ 3,120,828","€ 3,120,828",D,26,Spain,Manchester United
Arnaut Danjuma,"€ 59,450","€ 3,091,386","€ 3,091,386",F,27,Netherlands,Everton
Sergio Gómez,"€ 56,619","€ 2,944,177","€ 2,944,177",D,23,Spain,Manchester City
Calum Chambers,"€ 56,619","€ 2,944,177","€ 2,944,177",D,29,England,Aston Villa
Robin Olsen,"€ 56,619","€ 2,944,177","€ 2,944,177",K,34,Sweden,Aston Villa
David Brooks,"€ 56,619","€ 2,944,177","€ 2,944,177",F,26,Wales,Bournemouth
Marcos Senesi,"€ 56,619","€ 2,944,177","€ 2,944,177",D,26,Argentina,Bournemouth
Neto,"€ 56,619","€ 2,944,177","€ 2,944,177",K,34,Brazil,Bournemouth
Mathias Jensen,"€ 56,619","€ 2,944,177","€ 2,944,177",M,28,Denmark,Brentford
Neal Maupay,"€ 56,619","€ 2,944,177","€ 2,944,177",F,27,France,Brentford
Jan Paul van Hecke,"€ 56,619","€ 2,944,177","€ 2,944,177",D,23,Netherlands,Brighton
João Pedro,"€ 56,619","€ 2,944,177","€ 2,944,177",F,22,Brazil,Brighton
Joël Veltman,"€ 56,619","€ 2,944,177","€ 2,944,177",D,32,Netherlands,Brighton
Pervis Estupiñán,"€ 56,619","€ 2,944,177","€ 2,944,177",D,26,Ecuador,Brighton
Solly March,"€ 56,619","€ 2,944,177","€ 2,944,177",F,29,England,Brighton
Conor Gallagher,"€ 56,619","€ 2,944,177","€ 2,944,177",M,23,England,Chelsea
Noni Madueke,"€ 56,619","€ 2,944,177","€ 2,944,177",F,21,England,Chelsea
Trevoh Chalobah,"€ 56,619","€ 2,944,177","€ 2,944,177",D,24,England,Chelsea
James Tomkins,"€ 56,619","€ 2,944,177","€ 2,944,177",D,34,England,Crystal Palace
Jean-Philippe Mateta,"€ 56,619","€ 2,944,177","€ 2,944,177",F,26,France,Crystal Palace
Marc Guéhi,"€ 56,619","€ 2,944,177","€ 2,944,177",D,23,England,Crystal Palace
Nathaniel Clyne,"€ 56,619","€ 2,944,177","€ 2,944,177",D,32,England,Crystal Palace
Will Hughes,"€ 56,619","€ 2,944,177","€ 2,944,177",M,29,England,Crystal Palace
Beto,"€ 56,619","€ 2,944,177","€ 2,944,177",F,26,Portugal,Everton
Andreas Pereira,"€ 56,619","€ 2,944,177","€ 2,944,177",F,28,Brazil,Fulham
Antonee Robinson,"€ 56,619","€ 2,944,177","€ 2,944,177",D,26,United States,Fulham
Harrison Reed,"€ 56,619","€ 2,944,177","€ 2,944,177",M,29,England,Fulham
Kenny Tete,"€ 56,619","€ 2,944,177","€ 2,944,177",D,28,Netherlands,Fulham
Wataru Endo,"€ 56,619","€ 2,944,177","€ 2,944,177",M,30,Japan,Liverpool
Albert Sambi Lokonga,"€ 56,619","€ 2,944,177","€ 2,944,177",M,24,Belgium,Luton Town
Jérémy Doku,"€ 56,619","€ 2,944,177","€ 2,944,177",F,21,Belgium,Manchester City
Oscar Bobb,"€ 56,619","€ 2,944,177","€ 2,944,177",F,20,Norway,Manchester City
Alejandro Garnacho,"€ 56,619","€ 2,944,177","€ 2,944,177",F,19,Argentina,Manchester United
Mason Greenwood,"€ 56,619","€ 2,944,177","€ 2,944,177",F,21,England,Manchester United
Sean Longstaff,"€ 56,619","€ 2,944,177","€ 2,944,177",M,26,England,Newcastle
Tino Livramento,"€ 56,619","€ 2,944,177","€ 2,944,177",D,21,England,Newcastle
Neco Williams,"€ 56,619","€ 2,944,177","€ 2,944,177",D,22,Wales,Nottingham Forest
Serge Aurier,"€ 56,619","€ 2,944,177","€ 2,944,177",D,30,Cote d'Ivoire,Nottingham Forest
Taiwo Awoniyi,"€ 56,619","€ 2,944,177","€ 2,944,177",F,26,Nigeria,Nottingham Forest
Aaron Cresswell,"€ 56,619","€ 2,944,177","€ 2,944,177",D,34,England,West Ham
Konstantinos Mavropanos,"€ 56,619","€ 2,944,177","€ 2,944,177",D,26,Greece,West Ham
Nayef Aguerd,"€ 56,619","€ 2,944,177","€ 2,944,177",D,27,Morocco,West Ham
Matt Doherty,"€ 56,619","€ 2,944,177","€ 2,944,177",D,32,Ireland,Wolverhampton
Max Kilman,"€ 56,619","€ 2,944,177","€ 2,944,177",D,26,England,Wolverhampton
Pedro Neto,"€ 56,619","€ 2,944,177","€ 2,944,177",F,23,Portugal,Wolverhampton
Callum Wilson,"€ 52,089","€ 2,708,643","€ 2,708,643",F,31,England,Newcastle
Zack Steffen,"€ 52,089","€ 2,708,643","€ 2,708,643",K,28,United States,Manchester City
Lesley Ugochukwu,"€ 50,957","€ 2,649,760","€ 2,649,760",M,19,France,Chelsea
Mario Lemina,"€ 50,957","€ 2,649,760","€ 2,649,760",M,30,Gabon,Wolverhampton
Rob Holding,"€ 50,957","€ 2,649,760","€ 2,649,760",D,28,England,Crystal Palace
Igor,"€ 50,957","€ 2,649,760","€ 2,649,760",D,25,Brazil,Brighton
Bryan Mbeumo,"€ 50,957","€ 2,649,760","€ 2,649,760",F,24,Cameroon,Brentford
Tom Heaton,"€ 50,957","€ 2,649,760","€ 2,649,760",K,37,England,Manchester United
Odysseas Vlachodimos,"€ 50,957","€ 2,649,760","€ 2,649,760",K,29,Greece,Nottingham Forest
Cheikhou Kouyaté,"€ 50,957","€ 2,649,760","€ 2,649,760",M,34,Senegal,Nottingham Forest
Calvin Bassey,"€ 50,957","€ 2,649,760","€ 2,649,760",D,24,Nigeria,Fulham
Josh Brownhill,"€ 50,957","€ 2,649,760","€ 2,649,760",M,28,England,Burnley
Roméo Lavia,"€ 50,957","€ 2,649,760","€ 2,649,760",M,20,Belgium,Chelsea
Moussa Niakhaté,"€ 50,957","€ 2,649,760","€ 2,649,760",D,27,Senegal,Nottingham Forest
Fábio Vieira,"€ 50,957","€ 2,649,760","€ 2,649,760",F,23,Portugal,Arsenal
Jack Cork,"€ 50,957","€ 2,649,760","€ 2,649,760",M,34,England,Burnley
Matt Ritchie,"€ 50,957","€ 2,649,760","€ 2,649,760",M,34,Scotland,Newcastle
Daniel Muñoz,"€ 50,957","€ 2,649,760","€ 2,649,760",D,27,Colombia,Crystal Palace
Craig Dawson,"€ 50,957","€ 2,649,760","€ 2,649,760",D,33,England,Wolverhampton
Malo Gusto,"€ 50,957","€ 2,649,760","€ 2,649,760",D,20,France,Chelsea
Philip Billing,"€ 50,957","€ 2,649,760","€ 2,649,760",M,27,Denmark,Bournemouth
Fabian Schär,"€ 50,957","€ 2,649,760","€ 2,649,760",D,32,Switzerland,Newcastle
Armando Broja,"€ 45,295","€ 2,355,342","€ 2,355,342",F,21,Albania,Chelsea
Stefan Bajcetic,"€ 45,295","€ 2,355,342","€ 2,355,342",M,19,Spain,Liverpool
Lewis Cook,"€ 45,295","€ 2,355,342","€ 2,355,342",M,26,England,Bournemouth
Armando Broja,"€ 45,295","€ 2,355,342","€ 2,355,342",F,22,Albania,Fulham
Tosin Adarabioyo,"€ 45,295","€ 2,355,342","€ 2,355,342",D,26,England,Fulham
Sam Johnstone,"€ 45,295","€ 2,355,342","€ 2,355,342",K,30,England,Crystal Palace
Jay Rodríguez,"€ 45,295","€ 2,355,342","€ 2,355,342",F,34,England,Burnley
Giovanni Reyna,"€ 45,295","€ 2,355,342","€ 2,355,342",F,21,United States,Nottingham Forest
Oliver Skipp,"€ 45,295","€ 2,355,342","€ 2,355,342",M,23,England,Tottenham
Martin Dubravka,"€ 45,295","€ 2,355,342","€ 2,355,342",K,35,Slovakia,Newcastle
Frank Onyeka,"€ 45,295","€ 2,355,342","€ 2,355,342",M,26,Nigeria,Brentford
Ola Aina,"€ 45,295","€ 2,355,342","€ 2,355,342",D,27,Nigeria,Nottingham Forest
Emerson,"€ 45,295","€ 2,355,342","€ 2,355,342",D,25,Brazil,Tottenham
Kristoffer Ajer,"€ 45,295","€ 2,355,342","€ 2,355,342",D,25,Norway,Brentford
Bryan Gil,"€ 45,295","€ 2,355,342","€ 2,355,342",F,22,Spain,Tottenham
Josh Cullen,"€ 45,295","€ 2,355,342","€ 2,355,342",M,27,Ireland,Burnley
Emile Smith Rowe,"€ 45,295","€ 2,355,342","€ 2,355,342",F,23,England,Arsenal
Willy Boly,"€ 45,295","€ 2,355,342","€ 2,355,342",D,33,Cote d'Ivoire,Nottingham Forest
Tyrick Mitchell,"€ 45,295","€ 2,355,342","€ 2,355,342",D,24,England,Crystal Palace
Sander Berge,"€ 45,295","€ 2,355,342","€ 2,355,342",M,25,Norway,Burnley
Jamaal Lascelles,"€ 45,295","€ 2,355,342","€ 2,355,342",D,30,England,Newcastle
Matheus França,"€ 45,295","€ 2,355,342","€ 2,355,342",F,19,Brazil,Crystal Palace
Ashley Young,"€ 45,295","€ 2,355,342","€ 2,355,342",D,38,England,Everton
Matt Turner,"€ 45,295","€ 2,355,342","€ 2,355,342",K,29,United States,Nottingham Forest
Harvey Elliott,"€ 45,295","€ 2,355,342","€ 2,355,342",F,20,England,Liverpool
Alex Scott,"€ 45,295","€ 2,355,342","€ 2,355,342",M,20,England,Bournemouth
Deivid Washington,"€ 45,295","€ 2,355,342","€ 2,355,342",F,18,Brazil,Chelsea
Santiago Bueno,"€ 45,295","€ 2,355,342","€ 2,355,342",D,25,Uruguay,Wolverhampton
Paul Dummett,"€ 39,633","€ 2,060,924","€ 2,060,924",D,32,Wales,Newcastle
Tariq Lamptey,"€ 39,633","€ 2,060,924","€ 2,060,924",D,23,Ghana,Brighton
Bart Verbruggen,"€ 39,633","€ 2,060,924","€ 2,060,924",K,21,Netherlands,Brighton
Javier Manquillo,"€ 39,633","€ 2,060,924","€ 2,060,924",D,29,Spain,Newcastle
Jacob Murphy,"€ 39,633","€ 2,060,924","€ 2,060,924",F,28,England,Newcastle
Joel Ward,"€ 39,633","€ 2,060,924","€ 2,060,924",D,34,England,Crystal Palace
Adam Wharton,"€ 39,633","€ 2,060,924","€ 2,060,924",M,19,England,Crystal Palace
Jarrad Branthwaite,"€ 39,633","€ 2,060,924","€ 2,060,924",D,21,England,Everton
Marcus Bettinelli,"€ 39,633","€ 2,060,924","€ 2,060,924",K,31,England,Chelsea
Vladimir Coufal,"€ 39,633","€ 2,060,924","€ 2,060,924",D,31,Czech Republic,West Ham
Adam Smith,"€ 39,633","€ 2,060,924","€ 2,060,924",D,32,England,Bournemouth
Sasa Kalajdzic,"€ 39,633","€ 2,060,924","€ 2,060,924",F,26,Austria,Wolverhampton
Álex Moreno,"€ 39,633","€ 2,060,924","€ 2,060,924",D,30,Spain,Aston Villa
Chris Mepham,"€ 39,633","€ 2,060,924","€ 2,060,924",D,26,Wales,Bournemouth
Dango Ouattara,"€ 39,633","€ 2,060,924","€ 2,060,924",F,21,Burkina Faso,Bournemouth
Jonny Otto,"€ 39,633","€ 2,060,924","€ 2,060,924",D,29,Spain,Wolverhampton
Marcus Tavernier,"€ 39,633","€ 2,060,924","€ 2,060,924",F,24,England,Bournemouth
Max Aarons,"€ 39,633","€ 2,060,924","€ 2,060,924",D,24,England,Bournemouth
Romain Faivre,"€ 39,633","€ 2,060,924","€ 2,060,924",M,25,France,Bournemouth
Ryan Fredericks,"€ 39,633","€ 2,060,924","€ 2,060,924",D,31,England,Bournemouth
Christian Nørgaard,"€ 39,633","€ 2,060,924","€ 2,060,924",M,29,Denmark,Brentford
Keane Lewis-Potter,"€ 39,633","€ 2,060,924","€ 2,060,924",F,22,England,Brentford
Ryan Giles,"€ 39,633","€ 2,060,924","€ 2,060,924",D,23,England,Luton Town
Harry Wilson,"€ 39,633","€ 2,060,924","€ 2,060,924",F,26,Wales,Fulham
Rhian Brewster,"€ 39,633","€ 2,060,924","€ 2,060,924",F,23,England,Sheffield United
Nathan Redmond,"€ 39,633","€ 2,060,924","€ 2,060,924",F,29,England,Burnley
Ben Brereton,"€ 39,633","€ 2,060,924","€ 2,060,924",F,24,Chile,Sheffield United
Jóhann Berg Gudmundsson,"€ 39,633","€ 2,060,924","€ 2,060,924",F,33,Iceland,Burnley
Bobby Reid,"€ 39,633","€ 2,060,924","€ 2,060,924",F,31,Jamaica,Fulham
Jacob Bruun Larsen,"€ 39,633","€ 2,060,924","€ 2,060,924",F,25,Denmark,Burnley
Nicolás Domínguez,"€ 39,633","€ 2,060,924","€ 2,060,924",M,25,Argentina,Nottingham Forest
Altay Bayındır,"€ 39,633","€ 2,060,924","€ 2,060,924",K,25,Turkey,Manchester United
Matz Sels,"€ 39,633","€ 2,060,924","€ 2,060,924",K,31,Belgium,Nottingham Forest
Rico Henry,"€ 39,633","€ 2,060,924","€ 2,060,924",D,26,England,Brentford
Harry Toffolo,"€ 39,633","€ 2,060,924","€ 2,060,924",D,28,England,Nottingham Forest
Andrew Omobamidele,"€ 39,633","€ 2,060,924","€ 2,060,924",D,21,Ireland,Nottingham Forest
Lyle Foster,"€ 36,802","€ 1,913,715","€ 1,913,715",F,23,South Africa,Burnley
Fodé Ballo-Touré,"€ 36,802","€ 1,913,715","€ 1,913,715",D,27,Senegal,Fulham
Marvelous Nakamba,"€ 33,971","€ 1,766,506","€ 1,766,506",M,30,Zimbabwe,Luton Town
Mark Flekken,"€ 33,971","€ 1,766,506","€ 1,766,506",K,30,Netherlands,Brentford
Jacob Brown,"€ 33,971","€ 1,766,506","€ 1,766,506",F,25,Scotland,Luton Town
Joshua Da Silva,"€ 33,971","€ 1,766,506","€ 1,766,506",M,25,England,Brentford
Ethan Pinnock,"€ 33,971","€ 1,766,506","€ 1,766,506",D,30,Jamaica,Brentford
Charlie Taylor,"€ 33,971","€ 1,766,506","€ 1,766,506",D,30,England,Burnley
João Gomes,"€ 33,971","€ 1,766,506","€ 1,766,506",M,22,Brazil,Wolverhampton
Milos Kerkez,"€ 33,971","€ 1,766,506","€ 1,766,506",D,20,Hungary,Bournemouth
Tom Cairney,"€ 33,971","€ 1,766,506","€ 1,766,506",M,33,Scotland,Fulham
Scott Carson,"€ 33,971","€ 1,766,506","€ 1,766,506",K,38,England,Manchester City
Lloyd Kelly,"€ 33,971","€ 1,766,506","€ 1,766,506",D,25,England,Bournemouth
Zeki Amdouni,"€ 33,971","€ 1,766,506","€ 1,766,506",F,23,Switzerland,Burnley
Nuno Tavares,"€ 33,971","€ 1,766,506","€ 1,766,506",D,24,Portugal,Nottingham Forest
Jhon Durán,"€ 33,971","€ 1,766,506","€ 1,766,506",F,20,Colombia,Aston Villa
Tim Ream,"€ 33,971","€ 1,766,506","€ 1,766,506",D,36,United States,Fulham
Murillo,"€ 33,971","€ 1,766,506","€ 1,766,506",D,21,Brazil,Nottingham Forest
Ionut Radu,"€ 33,971","€ 1,766,506","€ 1,766,506",K,26,Romania,Bournemouth
Nathan Collins,"€ 33,971","€ 1,766,506","€ 1,766,506",D,22,Ireland,Brentford
Elliot Anderson,"€ 33,971","€ 1,766,506","€ 1,766,506",F,21,Scotland,Newcastle
David Datro Fofana,"€ 33,971","€ 1,766,506","€ 1,766,506",F,21,Cote d'Ivoire,Burnley
James Garner,"€ 33,971","€ 1,766,506","€ 1,766,506",M,22,England,Everton
Vitaly Janelt,"€ 33,971","€ 1,766,506","€ 1,766,506",M,25,Germany,Brentford
Connor Roberts,"€ 33,971","€ 1,766,506","€ 1,766,506",D,27,Wales,Burnley
Youssef Chermiti,"€ 33,971","€ 1,766,506","€ 1,766,506",F,19,Portugal,Everton
Tom Davies,"€ 33,971","€ 1,766,506","€ 1,766,506",M,25,England,Sheffield United
Tahith Chong,"€ 33,971","€ 1,766,506","€ 1,766,506",F,24,Netherlands,Luton Town
Vinicius Souza,"€ 33,971","€ 1,766,506","€ 1,766,506",M,24,Brazil,Sheffield United
Orel Mangala,"€ 33,971","€ 1,766,506","€ 1,766,506",M,25,Belgium,Nottingham Forest
Ross Barkley,"€ 33,971","€ 1,766,506","€ 1,766,506",M,30,England,Luton Town
Mikkel Damsgaard,"€ 33,971","€ 1,766,506","€ 1,766,506",F,23,Denmark,Brentford
Gustavo Hamer,"€ 33,971","€ 1,766,506","€ 1,766,506",M,26,Netherlands,Sheffield United
Marquinhos,"€ 33,971","€ 1,766,506","€ 1,766,506",F,20,Brazil,Arsenal
Cameron Archer,"€ 33,971","€ 1,766,506","€ 1,766,506",F,22,England,Sheffield United
Danilo,"€ 33,971","€ 1,766,506","€ 1,766,506",M,22,Brazil,Nottingham Forest
Anel Ahmedhodzic,"€ 33,971","€ 1,766,506","€ 1,766,506",D,24,Bosnia-Herzegovina,Sheffield United
Amad Diallo,"€ 32,665","€ 1,698,564","€ 1,698,564",F,21,Cote d'Ivoire,Manchester United
Nathan Patterson,"€ 31,707","€ 1,648,739","€ 1,648,739",D,22,Scotland,Everton
Aaron Ramsey,"€ 28,309","€ 1,472,089","€ 1,472,089",F,21,England,Burnley
Jordan Ayew,"€ 28,309","€ 1,472,089","€ 1,472,089",F,32,Ghana,Crystal Palace
Djordje Petrovic,"€ 28,309","€ 1,472,089","€ 1,472,089",K,24,Serbia,Chelsea
Thomas Kaminski,"€ 28,309","€ 1,472,089","€ 1,472,089",K,31,Belgium,Luton Town
Tim Krul,"€ 28,309","€ 1,472,089","€ 1,472,089",K,35,Netherlands,Luton Town
Vitinho,"€ 28,309","€ 1,472,089","€ 1,472,089",D,24,Brazil,Burnley
Rico Lewis,"€ 28,309","€ 1,472,089","€ 1,472,089",D,19,England,Manchester City
James Trafford,"€ 28,309","€ 1,472,089","€ 1,472,089",K,21,England,Burnley
Benson Manuel,"€ 28,309","€ 1,472,089","€ 1,472,089",F,26,Belgium,Burnley
Kobbie Mainoo,"€ 28,309","€ 1,472,089","€ 1,472,089",M,19,England,Manchester United
Arijanet Muric,"€ 28,309","€ 1,472,089","€ 1,472,089",K,25,Kosovo,Burnley
Carlos Vinícius,"€ 28,309","€ 1,472,089","€ 1,472,089",F,28,Brazil,Fulham
Valentín Barco,"€ 28,309","€ 1,472,089","€ 1,472,089",D,19,Argentina,Brighton
Zanka,"€ 28,309","€ 1,472,089","€ 1,472,089",D,33,Denmark,Brentford
Yoane Wissa,"€ 28,309","€ 1,472,089","€ 1,472,089",F,27,Democratic Republic of the Congo,Brentford
Anthony Elanga,"€ 28,309","€ 1,472,089","€ 1,472,089",F,21,Sweden,Nottingham Forest
Thomas Strakosha,"€ 28,309","€ 1,472,089","€ 1,472,089",K,28,Albania,Brentford
Gonzalo Montiel,"€ 28,309","€ 1,472,089","€ 1,472,089",D,27,Argentina,Nottingham Forest
Ryan Yates,"€ 28,309","€ 1,472,089","€ 1,472,089",M,26,England,Nottingham Forest
Adam Davies,"€ 28,309","€ 1,472,089","€ 1,472,089",K,31,Wales,Sheffield United
Auston Trusty,"€ 28,309","€ 1,472,089","€ 1,472,089",D,25,United States,Sheffield United
Ivo Grbic,"€ 28,309","€ 1,472,089","€ 1,472,089",K,28,Croatia,Sheffield United
Jack Robinson,"€ 28,309","€ 1,472,089","€ 1,472,089",D,30,England,Sheffield United
John Fleck,"€ 28,309","€ 1,472,089","€ 1,472,089",M,32,Scotland,Sheffield United
Oliver McBurnie,"€ 28,309","€ 1,472,089","€ 1,472,089",F,27,Scotland,Sheffield United
Alejo Véliz,"€ 28,309","€ 1,472,089","€ 1,472,089",F,19,Argentina,Tottenham
Ilya Zabarnyi,"€ 28,309","€ 1,472,089","€ 1,472,089",D,21,Ukraine,Bournemouth
Darren Randolph,"€ 28,309","€ 1,472,089","€ 1,472,089",K,36,Ireland,Bournemouth
Dwight McNeil,"€ 28,309","€ 1,472,089","€ 1,472,089",F,24,England,Everton
Nathan Ferguson,"€ 28,309","€ 1,472,089","€ 1,472,089",D,23,England,Crystal Palace
Hugo Bueno,"€ 28,309","€ 1,472,089","€ 1,472,089",D,21,Spain,Wolverhampton
Isaac Hayden,"€ 24,912","€ 1,295,438","€ 1,295,438",M,28,England,Newcastle
Jayden Bogle,"€ 22,648","€ 1,177,671","€ 1,177,671",D,23,England,Sheffield United
Ben Osborn,"€ 22,648","€ 1,177,671","€ 1,177,671",M,29,England,Sheffield United
Scott McKenna,"€ 22,648","€ 1,177,671","€ 1,177,671",D,26,Scotland,Nottingham Forest
Hjalmar Ekdal,"€ 22,648","€ 1,177,671","€ 1,177,671",D,25,Sweden,Burnley
Enso González,"€ 22,648","€ 1,177,671","€ 1,177,671",F,19,Paraguay,Wolverhampton
Morgan Rogers,"€ 22,648","€ 1,177,671","€ 1,177,671",F,21,England,Aston Villa
Antoine Semenyo,"€ 22,648","€ 1,177,671","€ 1,177,671",F,24,Ghana,Bournemouth
Ben Johnson,"€ 22,648","€ 1,177,671","€ 1,177,671",D,24,England,West Ham
Billy Gilmour,"€ 22,648","€ 1,177,671","€ 1,177,671",M,22,Scotland,Brighton
Mark Travers,"€ 22,648","€ 1,177,671","€ 1,177,671",K,24,Ireland,Bournemouth
Andros Townsend,"€ 22,648","€ 1,177,671","€ 1,177,671",F,32,England,Luton Town
Cauley Woodrow,"€ 22,648","€ 1,177,671","€ 1,177,671",F,29,England,Luton Town
Ivan Toney,"€ 22,648","€ 1,177,671","€ 1,177,671",F,27,England,Brentford
Jason Steele,"€ 22,648","€ 1,177,671","€ 1,177,671",K,33,England,Brighton
Issa Kabore,"€ 22,648","€ 1,177,671","€ 1,177,671",D,22,Burkina Faso,Luton Town
Naouirou Ahamada,"€ 22,648","€ 1,177,671","€ 1,177,671",M,21,France,Crystal Palace
Djed Spence,"€ 22,648","€ 1,177,671","€ 1,177,671",D,23,England,Tottenham
Facundo Pellistri,"€ 22,648","€ 1,177,671","€ 1,177,671",F,21,Uruguay,Manchester United
Dara O'Shea,"€ 22,648","€ 1,177,671","€ 1,177,671",D,24,Ireland,Burnley
Mads Roerslev Rasmussen,"€ 22,648","€ 1,177,671","€ 1,177,671",D,24,Denmark,Brentford
Tom Lockyer,"€ 22,648","€ 1,177,671","€ 1,177,671",D,29,Wales,Luton Town
Giulian Biancone,"€ 22,648","€ 1,177,671","€ 1,177,671",D,23,France,Nottingham Forest
Oliver Norwood,"€ 22,648","€ 1,177,671","€ 1,177,671",M,32,Northern Ireland,Sheffield United
Harry Arter,"€ 22,648","€ 1,177,671","€ 1,177,671",M,34,Ireland,Nottingham Forest
Ethan Horvath,"€ 19,381","€ 1,007,815","€ 1,007,815",K,28,United States,Nottingham Forest
Yunus Emre Konak,"€ 16,986","€ 883,253","€ 883,253",M,18,Turkey,Brentford
Ameen Al-Dakhil,"€ 16,986","€ 883,253","€ 883,253",D,21,Belgium,Burnley
Anass Zaroury,"€ 16,986","€ 883,253","€ 883,253",F,22,Morocco,Burnley
Shandon Baptiste,"€ 16,986","€ 883,253","€ 883,253",M,25,Grenada,Brentford
Saman Ghoddos,"€ 16,986","€ 883,253","€ 883,253",F,30,Iran,Brentford
Hannes Delcroix,"€ 16,986","€ 883,253","€ 883,253",D,24,Belgium,Burnley
Han-Noah Massengo,"€ 16,986","€ 883,253","€ 883,253",M,22,France,Burnley
Wayne Hennessey,"€ 16,986","€ 883,253","€ 883,253",K,37,Wales,Nottingham Forest
Andre Brooks,"€ 16,986","€ 883,253","€ 883,253",M,20,England,Sheffield United
Michael Obafemi,"€ 16,986","€ 883,253","€ 883,253",F,23,Ireland,Burnley
Chris Basham,"€ 16,986","€ 883,253","€ 883,253",D,35,England,Sheffield United
James McAtee,"€ 16,986","€ 883,253","€ 883,253",M,21,England,Sheffield United
Luke Thomas,"€ 16,986","€ 883,253","€ 883,253",D,22,England,Sheffield United
Ashley Phillips,"€ 16,986","€ 883,253","€ 883,253",D,18,England,Tottenham
Brandon Austin,"€ 16,986","€ 883,253","€ 883,253",K,25,England,Tottenham
Mads Juel Andersen,"€ 16,986","€ 883,253","€ 883,253",D,26,Denmark,Luton Town
Daiki Hashioka,"€ 16,986","€ 883,253","€ 883,253",D,24,Japan,Luton Town
Chiedozie Ogbene,"€ 16,986","€ 883,253","€ 883,253",F,26,Ireland,Luton Town
Kieffer Moore,"€ 16,986","€ 883,253","€ 883,253",F,31,Wales,Bournemouth
Enes Ünal,"€ 16,986","€ 883,253","€ 883,253",F,26,Turkey,Bournemouth
Emiliano Marcondes,"€ 16,986","€ 883,253","€ 883,253",F,28,Denmark,Bournemouth
Marek Rodak,"€ 16,986","€ 883,253","€ 883,253",K,27,Slovakia,Fulham
Jarell Quansah,"€ 16,986","€ 883,253","€ 883,253",D,21,England,Liverpool
Bruno Jordão,"€ 16,986","€ 883,253","€ 883,253",M,24,Portugal,Wolverhampton
Curtis Jones,"€ 16,986","€ 883,253","€ 883,253",M,23,England,Liverpool
Facundo Buonanotte,"€ 16,986","€ 883,253","€ 883,253",F,19,Argentina,Brighton
Ben Doak,"€ 16,986","€ 883,253","€ 883,253",F,18,Scotland,Liverpool
Steven Alzate,"€ 16,986","€ 883,253","€ 883,253",M,24,Colombia,Brighton
Wes Foderingham,"€ 14,155","€ 736,044","€ 736,044",K,33,England,Sheffield United
William Osula,"€ 14,155","€ 736,044","€ 736,044",F,20,Denmark,Sheffield United
John Egan,"€ 14,155","€ 736,044","€ 736,044",D,31,Ireland,Sheffield United
Anis Slimane,"€ 14,155","€ 736,044","€ 736,044",M,22,Tunisia,Sheffield United
Luke Harris,"€ 14,155","€ 736,044","€ 736,044",F,18,Wales,Fulham
Elijah Adebayo,"€ 14,155","€ 736,044","€ 736,044",F,26,England,Luton Town
Reece Burke,"€ 14,155","€ 736,044","€ 736,044",D,27,England,Luton Town
Simon Adingra,"€ 14,155","€ 736,044","€ 736,044",F,22,Cote d'Ivoire,Brighton
Carlos Baleba,"€ 14,155","€ 736,044","€ 736,044",M,20,Cameroon,Brighton
Joe Whitworth,"€ 11,324","€ 588,835","€ 588,835",K,19,England,Crystal Palace
Jakub Moder,"€ 11,324","€ 588,835","€ 588,835",M,24,Poland,Brighton
Luca Koleosho,"€ 11,324","€ 588,835","€ 588,835",F,19,Italy,Burnley
Caoimhín Kelleher,"€ 11,324","€ 588,835","€ 588,835",K,25,Ireland,Liverpool
Lorenz Assignon,"€ 11,324","€ 588,835","€ 588,835",D,23,France,Burnley
Darko Churlinov,"€ 11,324","€ 588,835","€ 588,835",F,23,North Macedonia,Burnley
Mark Gillespie,"€ 11,324","€ 588,835","€ 588,835",K,32,England,Newcastle
Joe Gauci,"€ 11,324","€ 588,835","€ 588,835",K,23,Australia,Aston Villa
Max Lowe,"€ 11,324","€ 588,835","€ 588,835",D,26,England,Sheffield United
Tommy Doyle,"€ 11,324","€ 588,835","€ 588,835",M,22,England,Wolverhampton
Kortney Hause,"€ 11,324","€ 588,835","€ 588,835",D,28,England,Aston Villa
Daniel Bentley,"€ 11,324","€ 588,835","€ 588,835",K,30,England,Wolverhampton
Teden Mengi,"€ 11,324","€ 588,835","€ 588,835",D,21,England,Luton Town
Yasser Larouci,"€ 11,324","€ 588,835","€ 588,835",D,23,Algeria,Sheffield United
Jack Hinshelwood,"€ 11,324","€ 588,835","€ 588,835",M,18,England,Brighton
Tom McGill,"€ 11,324","€ 588,835","€ 588,835",K,23,Canada,Brighton
Pelly Ruddock Mpanzu,"€ 11,324","€ 588,835","€ 588,835",M,29,Democratic Republic of the Congo,Luton Town
Loris Karius,"€ 11,324","€ 588,835","€ 588,835",K,30,Germany,Newcastle
Luke Berry,"€ 11,324","€ 588,835","€ 588,835",M,31,England,Luton Town
Tom King,"€ 11,324","€ 588,835","€ 588,835",K,28,Wales,Wolverhampton
Karl Hein,"€ 11,324","€ 588,835","€ 588,835",K,22,Estonia,Arsenal
Kevin Schade,"€ 11,324","€ 588,835","€ 588,835",F,22,Germany,Brentford
Diego Moreira,"€ 11,324","€ 588,835","€ 588,835",F,19,Portugal,Chelsea
Conor Bradley,"€ 11,324","€ 588,835","€ 588,835",D,20,Northern Ireland,Liverpool
Gabriel Osho,"€ 11,324","€ 588,835","€ 588,835",D,25,England,Luton Town
Carlton Morris,"€ 11,324","€ 588,835","€ 588,835",F,28,England,Luton Town
Amari'i Bell,"€ 11,324","€ 588,835","€ 588,835",D,29,Jamaica,Luton Town
Andrey Santos,"€ 11,324","€ 588,835","€ 588,835",M,19,Brazil,Nottingham Forest
Bénie Traoré,"€ 11,324","€ 588,835","€ 588,835",F,20,Cote d'Ivoire,Sheffield United
Rayan Aït-Nouri,"€ 11,324","€ 588,835","€ 588,835",D,22,Algeria,Wolverhampton
Wilson Odobert,"€ 11,324","€ 588,835","€ 588,835",F,19,France,Burnley
Mike Trésor,"€ 11,324","€ 588,835","€ 588,835",F,24,Belgium,Burnley
Ismaila Coulibaly,"€ 11,324","€ 588,835","€ 588,835",M,23,Mali,Sheffield United
Steven Benda,"€ 11,324","€ 588,835","€ 588,835",K,25,Germany,Fulham
Julio Enciso,"€ 11,324","€ 588,835","€ 588,835",F,20,Paraguay,Brighton
Brandon Aguilera,"€ 11,324","€ 588,835","€ 588,835",F,20,Costa Rica,Nottingham Forest
George Baldock,"€ 11,324","€ 588,835","€ 588,835",D,30,Greece,Sheffield United
Hákon Rafn Valdimarsson,"€ 11,324","€ 588,835","€ 588,835",K,22,Iceland,Brentford
Rhys Williams,"€ 11,324","€ 588,835","€ 588,835",D,22,England,Liverpool
Malcolm Ebiowei,"€ 11,324","€ 588,835","€ 588,835",F,19,England,Crystal Palace
Ellery Balcombe,"€ 11,324","€ 588,835","€ 588,835",K,24,England,Brentford
Dan Potts,"€ 11,324","€ 588,835","€ 588,835",D,29,England,Luton Town
Femi Seriki,"€ 11,324","€ 588,835","€ 588,835",D,21,England,Sheffield United
Lewis Dobbin,"€ 9,059","€ 471,068","€ 471,068",F,21,England,Everton
Joe Rothwell,"€ 9,059","€ 471,068","€ 471,068",M,28,England,Bournemouth
Charlie Goode,"€ 9,059","€ 471,068","€ 471,068",D,28,England,Brentford
Alfie Doughty,"€ 8,493","€ 441,627","€ 441,627",M,24,England,Luton Town
Remi Matthews,"€ 8,493","€ 441,627","€ 441,627",K,29,England,Crystal Palace
Rodrigo Muniz,"€ 8,493","€ 441,627","€ 441,627",F,22,Brazil,Fulham
Alfie Whiteman,"€ 8,493","€ 441,627","€ 441,627",K,25,England,Tottenham
James Shea,"€ 8,493","€ 441,627","€ 441,627",K,32,England,Luton Town
Willy Kambwala,"€ 8,493","€ 441,627","€ 441,627",D,19,France,Manchester United
Andy Lonergan,"€ 8,493","€ 441,627","€ 441,627",K,40,England,Everton
João Virgínia,"€ 8,493","€ 441,627","€ 441,627",K,24,Portugal,Everton
Cesare Casadei,"€ 8,493","€ 441,627","€ 441,627",M,21,Italy,Chelsea
Rodrigo Ribeiro,"€ 8,493","€ 441,627","€ 441,627",F,18,Portugal,Nottingham Forest
Jesurun Rak-Sakyi,"€ 8,493","€ 441,627","€ 441,627",F,21,England,Crystal Palace
Tyrese Francois,"€ 7,927","€ 412,185","€ 412,185",M,23,Australia,Fulham
Lewis Hall,"€ 7,927","€ 412,185","€ 412,185",D,19,England,Newcastle
Lawrence Vigouroux,"€ 7,927","€ 412,185","€ 412,185",K,30,Chile,Burnley
Fred Onyedinma,"€ 6,794","€ 353,301","€ 353,301",F,27,Nigeria,Luton Town
CJ Egan-Riley,"€ 6,794","€ 353,301","€ 353,301",D,20,England,Burnley
Yegor Yarmolyuk,"€ 5,662","€ 294,418","€ 294,418",F,19,Ukraine,Brentford
Conor Coventry,"€ 5,662","€ 294,418","€ 294,418",M,23,Ireland,West Ham
Joe Hodge,"€ 5,662","€ 294,418","€ 294,418",M,20,Ireland,Wolverhampton
Tyler Onyango,"€ 5,662","€ 294,418","€ 294,418",M,20,England,Everton
Maxime Estève,"€ 5,662","€ 294,418","€ 294,418",D,21,France,Burnley
Noha Lemina,"€ 5,662","€ 294,418","€ 294,418",F,18,France,Wolverhampton
Myles Peart-Harris,"€ 5,662","€ 294,418","€ 294,418",F,20,England,Brentford
Jordan Clark,"€ 5,662","€ 294,418","€ 294,418",M,30,England,Luton Town
Tim Iroegbunam,"€ 5,662","€ 294,418","€ 294,418",M,20,England,Aston Villa
Lewis Miley,"€ 5,662","€ 294,418","€ 294,418",M,17,England,Newcastle
Shola Shoretire,"€ 5,662","€ 294,418","€ 294,418",F,20,England,Manchester United
Joseph Anang,"€ 4,530","€ 235,534","€ 235,534",K,23,England,West Ham
Daniel Jebbison,"€ 4,530","€ 235,534","€ 235,534",F,20,Canada,Sheffield United
Rhys Norrington-Davies,"€ 4,530","€ 235,534","€ 235,534",D,24,Wales,Sheffield United
Enock Agyei,"€ 4,530","€ 235,534","€ 235,534",F,19,Belgium,Burnley
Divin Mubama,"€ 4,530","€ 235,534","€ 235,534",F,19,England,West Ham
Alex Mighten,"€ 3,920","€ 203,828","€ 203,828",F,21,England,Nottingham Forest
Denis Franchi,"€ 3,397","€ 176,651","€ 176,651",K,20,Italy,Burnley
Jordan Beyer,"€ 3,397","€ 176,651","€ 176,651",D,23,Germany,Burnley
James Hill,"€ 3,397","€ 176,651","€ 176,651",D,22,England,Bournemouth
Ryan Trevitt,"€ 2,831","€ 147,209","€ 147,209",M,20,England,Brentford
Elliot Thorpe,"€ 2,831","€ 147,209","€ 147,209",M,23,Wales,Luton Town
Gavin Kilkenny,"€ 1,699","€ 88,325","€ 88,325",M,23,Ireland,Bournemouth
Louie Marsh,"€ 1,132","€ 58,884","€ 58,884",F,20,England,Sheffield United
Jordan Amissah,"€ 1,132","€ 58,884","€ 58,884",K,22,Ghana,Sheffield United
João Cancelo,€ 0,€ 0,€ 0,D,29,Portugal,Manchester City
Kieran Tierney,€ 0,€ 0,€ 0,D,26,Scotland,Arsenal
Máximo Perrone,€ 0,€ 0,€ 0,M,20,Argentina,Manchester City
Hamed Junior Traorè,€ 0,€ 0,€ 0,F,23,Cote d'Ivoire,Bournemouth
Jonjo Shelvey,€ 0,€ 0,€ 0,M,31,England,Nottingham Forest
Joe Worrall,€ 0,€ 0,€ 0,D,27,England,Nottingham Forest
Ui-jo Hwang,€ 0,€ 0,€ 0,F,31,South Korea,Nottingham Forest
Sandro Tonali,€ 0,€ 0,€ 0,M,23,Italy,Newcastle
Kalvin Phillips,€ 0,€ 0,€ 0,M,28,England,Manchester City
Andrey Santos,€ 0,€ 0,€ 0,M,19,Brazil,Chelsea
Tanguy Ndombélé,€ 0,€ 0,€ 0,M,26,France,Tottenham
Kacper Kozlowski,€ 0,€ 0,€ 0,M,19,Poland,Brighton
Lucas Bergström,€ 0,€ 0,€ 0,K,21,Finland,Chelsea
Sergio Reguilón,€ 0,€ 0,€ 0,D,27,Spain,Tottenham
Leander Dendoncker,€ 0,€ 0,€ 0,M,28,Belgium,Aston Villa
Philippe Coutinho,€ 0,€ 0,€ 0,F,31,Brazil,Aston Villa
Ian Maatsen,€ 0,€ 0,€ 0,D,21,Netherlands,Chelsea
Hannibal,€ 0,€ 0,€ 0,F,20,Tunisia,Manchester United
Hakim Ziyech,€ 0,€ 0,€ 0,F,30,Morocco,Chelsea
Romelu Lukaku,€ 0,€ 0,€ 0,F,30,Belgium,Chelsea
Emmanuel Dennis,€ 0,€ 0,€ 0,F,25,Nigeria,Nottingham Forest
